Can I have electricity,traffic in,electricity
Can I have drinking water,score,drinkingwater
Can I have tooth paste,pick up,toothpaste
Can I have tooth brush,pay a price for,toothbrush
Can I have hot water,hire,hotwater
Can I have tub or shower,redeem,tuborshower
Can I have soap,pay cash for,soap
Can I have towel,procure title to,towel
Can I have cloth,acquire ownership of,cloth
Can I have mirror,make an investment,mirror
Can I have pooja room,invest in,poojaroom
Can I have stove,order,stove
Can I have lighter,buy and sell,lighter
Can I have the vessel,go marketing,vessel
Can I have sugar,shop for,sugar
Can I have tea powder,get in exchange,teapowder
Can I have spoon,sign for,spoon
Can I have plate,contract for,plate
Can I have glass,secure for a consideration,glass
Can I have shoe,gain,shoe
Can I have wallet,procure,wallet
Can I have comb,barter for,comb
Can I have kerchief,bargain for,kerchief
Can I have pen,pay-for,pen
Can I have mob.charger,get,mob.charger
Can I have Mobile,acquire,Mobile
Can I have bag,purchase,bag
Can I have internet,buy,internet
Can I have computer,I want,computer
Can I have cable,buy me,cable
Can I have tv,get me,tv
Can I have bed,buying,bed
may I have electricity,purchasing,glasses
may I have drinking water,shop,keys
may I have tooth paste,acquisition,shoes
may I have tooth brush,procurement,dogleash
may I have hot water,shopping,smartphone
may I have tub or shower,bought,studentID
may I have soap,purchased,debitcard
may I have towel,obtain,toaster
may I have cloth,take,microwave
may I have mirror,sale,shower
may I have pooja room,buy out,tapwater
may I have stove,secure,dooranddoormat
may I have lighter,acquiring,table
may I have the vessel,acquired,stairs
may I have sugar,buy off,electriclight
may I have tea powder,purchases,socks
may I have spoon,getting,computer
may I have plate,pick,montior
may I have glass,bribe,christmas
may I have shoe,takeover,tree
may I have wallet,buyback,laptop
may I have comb,afford,textbook
may I have kerchief,for the purchase,tv
may I have pen,for the acquisition,video games
may I have mob.charger,buy it,xbox
may I have Mobile,buying-in,
may I have bag,you buy,
may I have internet,repurchase,
may I have computer,vend,
may I have cable,aquisition,
may I have tv,grip,
may I have bed,achieve,
,marketing,
,buy them,
,leverage,
,buy up,
,attain,
,capture,
,support,
,sold,
,purchasing department,
,buy in,
,grasp,
,make a buy,
,develop,
,buy back,
,buyout,
,sell,
,buy for,
,selling rate,
,brought,
,take-over,
,he bought,
,foothold,
,hold,
,investment,
,come by,
,make a purchase,
,market,
,pay for,
,realize,
,receive,
,catch,
,access,
,disposal,
,selling,
,do some shopping,
,groceries,
,gained,
,provide,
,buying and selling,
,you purchase,
,they buy,
,for acquiring,
,for the procurement,
,acquirement,
,get hold of,
,go shopping,
,traction,
,obtaining,
,trading,
,seek,
,purchasable,
,learning,
,do away,
,shoppin,
,do shopping,
,available,
,buying back,
,shopped,
,get it,
,obtained,
,readmission,
,buy him,
,buying it,
,i buy,
,purchase them,
,he buys,
,ownership,
,bargain,
,property,
,earn,
,find,
,incur,
,clutch,
,claim,
,redemption,
,do away with,
,shopping trip,
,mall,
,make amends,
,at the time of purchase,
,for purchase,
,from acquiring,
,picked,
,can be bought,
,grocery,
,you can buy,
,adoption,
,buy her,
,transfer,
,you purchased,
,you bought,
,he purchased,
,have purchased,
,i bought,
,buying them,
,taking-over,
,purchase it,
,tackle,
,asset,
,patronize,
,possession,
,finger,
,collect,
,book,
,engage,
,rent,
,lease,
,securing,
,position,
,become,
,experience,
,fix,
,gaining,
,obtainment,
,play,
,produce,
,contract,
,clasp,
,gripe,
,fetch,
,pay off,
,footing,
,reap,
,retrieve,
,corner,
,assumption,
,control,
,reach,
,rebuy,
,ransom,
,procurements,
,auction,
,vending,
,retail,
,takeovers,
,when purchasing,
,when buying,
,for purchasing,
,vesting,
,merchanting,
,traded,
,gotten,
,for sale,
,purchase and sale,
,sale and purchase,
,sales,
,sourcing,
,home shopping,
,be purchased,
,get them,
,gonna buy,
,buy one,
,divesture,
,bought it,
,you are buying,
,they are buying,